k,err,Silhouette
2,0.15272463649819468
3,0.14217883349552468
4,0.11986971704874132
5,0.11757072427684592
6,0.09982819228458628
7,0.12066634184697103
8,0.11742169645134184
9,0.14184272863787087
10,0.12742391651331836
11,0.1156992719733779
12,0.10226984423984904
13,0.10773147784996462
14,0.10259006055797353
15,0.10366999122693028
16,0.09767065984891259
17,0.09857891290304048
18,0.11078591481609894
19,0.11611093593807312
20,0.0920218115785331
